A05592,~
A08204,~
A00205,~
A05076,~
A02772,~
A04673,~
A01567,~
A06241,~
A00591,~
A07027,~
A06180,~
A06622,~
A08035,~
A06781,~
A04231,~
A08456,~
A00106,~
A01521,~
A07631,~
A07322,~
A06830,~
A00690,~
A01427,~
A06021,~
A07356,~
A04555,~
A02706,~
A02133,~
A06897,~
A06738,~
A02411,~
A08021,~
A03039,~
A04899,~
A08160,~
A07138,~
A02514,~
A04251,~
A06671,~
A07320,~
A06918,~
A02196,~
A02364,~
A01253,~
A04873,~
A07983,~
A00537,~
A07331,~
A05365,~
A06438,~
A06935,~
A01246,~
A07727,~
A03489,~
A02740,~
A00245,N
A05223,N
A01483,N
A07386,N
A00738,N
A00563,N
A01023,N
A06530,N
A02312,N
A01499,N
A01446,N
A02162,N
A02140,N
A02971,N
A01335,N
A04928,N
A03663,N
A07598,N
A00368,N
A07851,N
A04302,N
A07503,N
A03011,N
A02640,N
A02093,N
A02504,N
A03982,N
A05802,N
A01905,N
A06706,N
A02211,N
A08107,N
A06979,N
A07515,N
A01464,N
A08079,N
A05105,N
A05855,N
A06017,N
A02058,N
A06797,N
A01555,N
A02405,N
A03426,N
A06143,N
A06529,N
A05456,N
A00184,N
A04107,N
A03404,N
A03627,N
A02023,N
A07432,N
A04224,N
A05478,N
A04448,N
A02530,N
A01827,N
A03345,N
A07478,N
A01736,N
A01195,N
A01674,N
A04464,N
A02720,N
A02238,N
A02641,N
A04243,N
A06832,N
A00418,N
A05279,N
A02073,N
A07668,N
A05999,N
A03405,N
A00783,N
A06896,N
A03608,N
A08380,N
A00146,N
A02427,N
A01645,N
A07601,N
A01874,N
A01465,N
A04847,N
A08295,N
A07706,N
A03218,N
A03887,N
A02139,N
A06426,N
A03222,N
A00674,N
A01705,N
A03990,N
A03166,N
A00130,N
A05762,N
A01665,N
A07955,N
A03155,N
A06129,N
A03456,N
A06972,N
A03487,N
A07098,N
A05082,N
A07843,N
A05903,N
A03815,N
A02597,N
A02878,N
A01673,N
A01086,N
A03922,N
A01283,N
A02952,N
A08528,N
A08009,N
A00578,N
A08354,N
A00403,N
A06487,N
A00006,N
A00896,N
A02052,N
A03533,N
A02097,N
A01211,N
A08316,N
A04333,N
A06927,N
A00051,N
A07541,N
A01894,N
A00990,N
A03480,N
A06159,N
A05042,N
A05709,N
A06107,N
A01538,N
A05710,N
A00429,N
A06433,N
A04080,N
A07216,N
A02956,N
A06723,N
A04066,N
A04689,N
A02339,N
A07931,N
A08438,N
A00173,N
A00057,N
A06257,N
A01628,N
A04530,N
A00079,N
A01573,N
A03649,N
A01514,N
A04179,N
A01141,N
A06365,N
A03824,N
A00376,N
A05250,N
A00909,N
A05203,N
A07433,N
A06380,N
A07596,N
A03053,N
A00351,N
A00361,N
A01426,N
A01456,N
A00830,N
A05041,N
A06319,N
A06414,N
A04439,N
A01381,N
A03359,N
A01940,N
A00458,N
A07953,N
A02050,N
A00531,N
A02040,N
A02655,N
A05155,N
A08280,N
A02381,N
A07151,N
A05278,N
A04879,N
A04291,N
A03041,N
A00284,N
A05446,N
A03094,N
A01066,N
A03681,N
A01726,N
A08370,N
A01948,N
A03453,N
A04142,N
A01360,N
A01110,N
A05130,N
A03235,N
A01243,N
A03124,N
A06088,N
A00304,N
A02082,N
A04042,N
A03925,N
A06883,N
A01056,N
A00372,N
A08289,N
A00667,N
A05411,N
A03143,N
A07209,N
A00590,N
A07010,N
A02960,N
A06538,N
A04538,N
A06265,N
A01858,N
A02931,N
A04148,N
A03286,N
A06615,N
A07769,N
A01423,N
A06959,N
A07991,N
A04754,N
A07509,N
A06568,N
A05552,N
A01548,N
A07470,N
A08368,N
A06641,N
A03151,N
A04730,N
A02384,N
A02581,N
A01022,N
A05581,N
A00289,N
A07184,N
A05722,N
A05555,N
A00845,N
A05179,N
A02575,N
A02443,N
A08188,N
A05480,N
A07077,N
A07935,N
A06204,N
A07082,N
A06065,N
A05806,N
A02346,N
A00496,N
A02794,N
A02260,N
A04795,N
A02373,N
A08300,N
A05143,N
A02085,N
A03720,N
A06314,N
A03941,N
A01841,N
A05152,N
A03394,N
A07847,N
A03336,N
A08212,N
A01194,N
A06553,N
A01782,N
A00945,N
A00683,N
A01733,N
A00760,N
A06506,N
A03164,N
A03803,N
A02122,N
A06497,N
A06328,N
A01990,N
A02132,N
A02485,N
A08306,N
A05813,N
A07186,N
A02966,N
A02958,N
A06570,N
A05424,N
A07188,N
A05976,N
A05990,N
A00583,N
A02904,N
A02239,N
A04204,N
A05791,N
A01748,N
A06470,N
A01351,N
A00512,N
A07906,N
A02404,N
A05249,N
A07373,N
A05084,N
A01349,N
A04610,N
A00513,N
A03129,N
A00594,N
A05534,N
A04649,N
A01847,N
A07127,N
A05441,N
A00236,N
A03062,N
A05423,N
A03168,N
A08272,N
A00955,N
A08006,N
A01815,N
A07759,N
A00449,N
A00825,N
A07332,N
A05786,N
A08199,N
A06293,N
A00566,N
A03025,N
A05417,N
A07644,N
A00953,N
A02873,N
A03712,N
A00112,N
A04691,N
A02925,N
A04008,N
A06243,N
A03795,N
A05544,N
A04595,N
A00838,N
A00089,N
A02579,N
A08261,N
A05141,N
A02543,N
A06586,N
A00547,N
A02638,N
A08109,N
A07958,N
A06471,N
A04793,N
A04926,N
A07085,N
A01082,N
A04577,N
A06803,N
A05034,N
A06849,N
A06806,N
A03432,N
A03260,N
A02169,N
A03320,N
A07323,N
A04477,N
A02227,N
A04100,N
A01090,N
A00134,N
A06334,N
A00269,N
A06284,N
A02742,N
A03543,N
A04791,N
A00790,N
A06061,N
A08323,N
A04273,N
A04629,N
A04698,N
A06928,N
A03859,N
A06382,N
A01574,N
A01003,N
A04143,N
A00157,N
A01889,N
A03477,N
A03244,N
A07442,N
A01575,N
A02382,N
A00408,N
A02115,N
A06787,N
A02001,N
A00355,N
A05334,N
A04827,N
A00206,N
A07110,N
A01348,N
A02503,N
A03854,N
A02987,N
A04193,N
A04397,N
A02515,N
A00160,N
A00105,N
A00207,N
A02714,N
A02076,N
A03170,N
A03227,N
A03995,N
A01389,N
A08502,N
A01745,N
A06876,N
A02288,N
A07298,N
A07837,N
A05573,N
A01513,N
A02285,N
A08475,N
A02803,N
A00824,N
A04087,N
A00794,N
A05611,N
A03024,N
A00421,N
A00677,N
A05204,N
A07403,N
A05914,N
A06961,N
A03201,N
A02507,N
A05218,N
A05579,N
A04984,N
A06719,N
A02765,N
A05110,N
A05469,N
A00753,N
A01480,N
A02815,N
A01964,N
A03618,N
A00072,N
A01520,N
A06263,N
A05338,N
A00084,N
A01579,N
A04432,N
A03645,N
A07412,N
A05156,N
A04389,N
A05938,N
A03678,N
A05678,N
A07872,N
A07803,N
A04609,N
A02624,N
A03084,N
A05824,N
A00854,N
A03014,N
A06106,N
A00360,N
A06668,N
A00424,N
A05022,N
A05315,N
A06492,N
A02335,N
A06345,N
A01135,N
A03928,N
A07401,N
A00450,N
A07749,N
A01314,N
A01612,N
A06035,N
A07932,N
A07047,N
A00881,N
A00792,N
A01050,N
A06120,N
A06601,N
A04353,N
A06829,N
A00829,N
A07075,N
A05697,N
A07987,N
A08074,N
A00064,N
A04801,N
A06495,N
A06352,N
A07846,N
A00239,N
A03232,N
A08068,N
A02972,N
A07488,N
A02864,N
A05182,N
A06878,N
A07622,N
A06701,N
A02957,N
A04716,N
A00682,N
A00607,N
A00832,N
A04818,N
A05550,N
A05347,N
A03377,N
A07451,N
A01448,N
A07472,N
A03297,N
A00478,N
A02691,N
A02525,N
A05120,N
A07782,N
A08507,N
A03921,N
A04245,N
A03926,N
A06264,N
A04618,N
A03695,N
A04996,N
A05666,N
A02221,N
A03459,N
A07844,N
A06750,N
A00230,N
A07667,N
A07849,N
A03509,N
A03247,N
A04628,N
A07864,N
A03702,N
A07621,N
A03279,N
A06933,N
A06419,N
A03282,N
A03520,N
A05498,N
A07106,N
A00703,N
A03658,N
A01306,N
A08178,N
A02444,N
A00086,N
A02209,N
A00393,N
A04848,N
A07544,N
A00574,N
A02041,N
A05993,N
A03458,N
A01551,N
A08077,N
A04718,N
A04337,N
A08351,N
A01447,N
A04089,N
A04022,N
A07593,N
A03057,N
A03257,N
A06131,N
A06068,N
A01391,N
A03751,N
A05205,N
A04654,N
A02293,N
A01261,N
A01778,N
A00952,N
A01026,N
A04593,N
A02262,N
A00751,N
A01582,N
A03073,N
A08346,N
A06891,N
A04622,N
A07513,N
A07780,N
A01988,N
A03400,N
A00671,N
A05577,N
A00721,N
A00579,N
A08069,N
A07548,N
A08496,N
A01781,N
A00926,N
A01791,N
A06252,N
A06929,N
A02473,N
A01225,N
A04347,N
A06027,N
A03507,N
A04141,N
A07819,N
A05212,N
A07558,N
A00028,N
A04731,N
A04376,N
A03207,N
A07634,N
A04450,N
A08345,N
A08131,N
A06198,N
A06908,N
A01663,N
A04475,N
A06525,N
A06450,N
A05146,N
A03028,N
A06567,N
A06542,N
A02478,N
A01434,N
A01284,N
A03348,N
A06582,N
A03873,N
A04725,N
A07059,N
A05148,N
A02134,N
A04194,N
A07012,N
A07115,N
A00758,N
A02590,N
A03676,N
A01698,N
A02141,N
A00576,N
A00998,N
A03906,N
A07189,N
A02653,N
A05933,N
A05007,N
A01018,N
A03572,N
A06752,N
A00334,N
A07739,N
A03674,N
A08138,N
A03662,N
A02672,N
A07858,N
A00109,N
A06114,N
A01486,N
A06856,N
A04713,N
A02484,N
A01015,N
A04636,N
A05633,N
A07369,N
A06634,N
A01329,N
A03312,N
A01047,N
A03070,N
A06884,N
A06600,N
A04281,N
A08395,N
A04633,N
A04118,N
A07729,N
A05820,N
A01596,N
A00717,N
A04523,N
A06019,N
A07043,N
A05754,N
A03008,N
A07259,N
A06144,N
A00352,N
A04552,N
A07262,N
A04147,N
A00692,N
A01044,N
A06474,N
A06267,N
A06561,N
A01174,N
A04457,N
A01976,N
A06049,N
A03889,N
A06109,N
A05449,N
A01046,N
A02982,N
A01271,N
A08263,N
A04024,N
A04075,N
A05033,N
A05860,N
A07979,N
A02229,N
A07717,N
A03641,N
A05699,N
A06409,N
A06163,N
A07981,N
A02413,N
A07097,N
A03003,N
A04639,N
A07925,N
A01818,N
A01408,N
A05173,N
A01600,N
A01346,N
A01421,N
A02497,N
A04295,N
A05369,N
A07268,N
A00199,N
A00442,N
A00210,N
A00341,N
A00200,N
A06275,N
A04000,N
A06505,N
A03916,N
A06014,N
A04234,N
A05656,N
A05430,N
A02308,N
A00472,N
A07152,N
A00305,N
A03180,N
A04401,N
A00857,N
A07463,N
A01401,N
A04775,N
A05382,N
A02540,N
A04826,N
A05210,N
A06539,N
A08187,N
A07793,N
A04518,N
A08403,N
A04677,N
A05326,N
A01904,N
A01848,N
A00273,N
A02886,N
A03197,N
A04700,N
A02929,N
A03767,N
A04208,N
A02206,N
A04606,N
A02768,N
A03750,N
A02179,N
A02774,N
A04352,N
A06800,N
A07835,N
A00929,N
A00333,N
A02682,N
A02321,N
A01033,N
A03472,N
A02652,N
A04178,N
A03711,N
A05006,N
A04824,N
A00063,N
A03563,N
A00864,N
A07475,N
A01080,N
A00464,N
A06171,N
A02020,N
A05809,N
A08385,N
A05872,N
A04561,N
A05339,N
A01259,N
A07050,N
A04119,N
A03699,N
A05963,N
A07535,N
A04782,N
A04958,N
A07662,N
A01771,N
A02016,N
A00419,N
A04040,N
A06115,N
A06313,N
A04124,N
A04964,N
A02977,N
A03032,N
A05805,N
A07336,N
A00528,N
A07886,N
A06854,N
A05394,N
A08259,N
A02817,N
A00941,N
A05372,N
A06259,N
A01770,N
A05888,N
A01541,N
A06798,N
A01097,N
A07044,N
A04007,N
A02949,N
A03819,N
A04156,N
A05868,N
A03526,N
A08141,N
A07514,N
A06429,N
A02890,N
A00736,N
A07738,N
A04515,N
A00831,N
A08014,N
A05513,N
A06993,N
A07190,N
A05890,N
A03179,N
A06137,N
A06535,N
A07447,N
A04534,N
A07907,N
A02264,N
A05964,N
A06076,N
A06128,N
A00905,N
A04182,N
A03682,N
A03554,N
A02623,N
A01697,N
A04468,N
A04642,N
A05615,N
A07543,N
A02037,N
A05215,N
A03470,N
A01378,N
A04990,N
A03307,N
A04857,N
A05196,N
A08169,N
A04624,N
A02913,N
A01683,N
A04011,N
A06412,N
A06175,N
A05104,N
A06333,N
A05283,N
A07788,N
A03512,N
A01336,N
A08509,N
A05329,N
A07578,N
A05660,N
A06652,N
A05779,N
A06597,N
A04012,N
A04615,N
A04648,N
A06667,N
A04054,N
A06459,N
A06074,N
A06926,N
A03412,N
A07427,N
A06490,N
A00595,N
A08337,N
A00276,N
A04354,N
A03823,N
A06384,N
A02919,N
A05361,N
A02244,N
A06945,N
A00654,N
A04180,N
A08406,N
A03194,N
A05455,N
A03088,N
A02220,N
A06780,N
A02456,A
A00614,A
A05591,A
A06932,A
A04587,A
A00441,A
A08436,A
A07423,A
A00873,A
A00691,A
A06297,A
A08083,A
A06400,A
A05433,A
A07656,A
A03863,A
A07563,A
A02502,A
A06406,A
A06389,A
A07501,A
A08025,A
A01824,A
A06700,A
A07168,A
A07428,A
A08521,A
A02126,A
A02879,A
A06423,A
A02727,A
A07771,A
A02892,A
A03154,A
A01129,A
A00739,A
A07688,A
A07324,A
A00982,A
A00733,A
A06900,A
A06755,A
A06905,A
A00613,A
A04348,A
A03055,A
A01883,A
A00397,A
A02644,A
A08328,A
A07982,A
A06677,A
A07822,A
A07122,A
A03306,A
A00567,A
A04201,A
A01691,A
A03081,A
A08207,A
A07063,A
A01491,A
A08154,A
A06774,A
A05476,A
A07093,A
A07903,A
A03446,A
A08038,A
A01104,A
A02895,A
A00225,A
A02307,A
A08195,A
A03223,A
A06804,A
A07366,A
A07435,A
A00473,A
A04704,A
A05775,A
A06970,A
A08047,A
A05265,A
A02536,A
A01932,A
A05163,A
A06869,A
A07838,A
A03004,A
A02757,A
A03857,A
A03319,A
A02224,A
A01041,A
A00422,A
A02898,A
A02439,A
A01171,A
A02102,A
A06650,A
A03295,A
A02899,A
A07473,A
A03342,A
A06981,A
A00404,A
A05254,A
A00648,A
A05931,A
A06286,A
A07101,A
A02474,A
A06545,A
A04591,A
A05874,A
A02455,A
A03862,A
A02426,A
A02872,A
A07343,A
A00156,A
A07784,A
A05570,A
A06057,A
A00722,A
A04594,A
A03548,A
A01383,A
A02506,A
A02183,A
A03576,A
A08392,A
A05547,A
A01594,A
A06713,A
A06481,A
A06699,A
A02218,A
A06991,A
A07718,A
A05119,A
A03469,A
A01831,A
A08305,A
A05495,A
A01614,A
A05500,A
A00465,A
A08405,A
A05238,A
A02701,O
A07940,O
A07076,O
A05764,O
A01651,O
A04858,O
A02164,O
A08415,O
A05160,O
A02158,O
A08058,O
A00061,O
A08249,O
A04104,O
A07567,O
A05153,O
A00657,O
A04569,O
A01902,O
A04268,O
A01438,O
A04491,O
A03421,O
A03371,O
A07785,O
A08391,O
A06000,O
A06396,O
A08301,O
A03842,O
A04296,O
A06647,O
A02462,O
A06300,O
A03324,O
A08126,O
A05367,O
A00082,O
A01526,O
A06242,O
A06064,O
A06298,O
A03696,O
A02709,O
A01576,O
A05881,O
A07329,O
A06685,O
A07628,O
A01737,O
A07203,O
A01641,O
A03424,O
A04844,O
A05502,O
A07005,O
A06728,O
A06356,O
A05626,O
A07252,O
A05096,O
A05540,O
A00687,O
A03640,O
A04400,O
A05213,O
A04665,O
A03210,O
A05741,O
A00741,O
A05818,O
A03817,O
A05644,O
A05760,O
A07510,O
A03251,O
A06705,O
A02568,O
A02194,O
A02866,O
A07939,O
A05758,O
A08206,O
A05801,O
A06155,O
A07522,O
A01498,O
A02187,O
A00131,O
A02410,O
A06881,O
A08365,O
A04429,O
A04458,O
A02522,O
A01078,O
A07297,O
A07046,O
A01452,O
A04081,O
A07321,O
A07208,O
A02388,O
A07486,O
A06105,O
A08167,O
A07620,O
A07229,O
A05609,O
A06520,O
A02798,O
A04055,O
A05448,O
A06504,O
A04176,O
A05129,O
A07679,O
A08511,O
A00145,O
A08520,O
A03752,O
A02255,O
A01373,O
A00746,O
A06208,O
A06312,O
A04365,O
A00213,O
A07542,O
A00889,O
A02552,O
A07348,O
A06737,O
A01814,O
A00740,O
A04184,O
A08093,O
A03980,O
A00209,O
A01632,O
A01175,O
A01801,O
A03374,O
A05599,O
A02826,O
A04345,O
A02887,O
A06483,O
A07408,O
A03225,O
A01030,O
A03664,O
A07701,O
A05201,O
A00675,O
A06808,O
A01366,O
A07779,O
A00078,O
A00807,O
A06078,O
A08153,O
A03283,O
A01332,O
A01961,O
A08118,O
A05310,O
A00991,O
A04667,O
A04863,O
A00451,O
A02318,O
A06799,O
A07290,O
A06904,O
A01530,O
A01136,O
A05331,O
A01761,O
A02748,O
A01983,O
A03797,O
A02409,O
A03701,O
A02687,O
A07249,O
A05765,O
A05639,O
A03999,O
A00820,O
A05911,O
A00470,O
A05316,O
A04719,O
A00744,O
A06496,O
A02544,O
A03575,O
A01477,O
A02103,O
A06630,O
A01167,O
A07921,O
A06272,O
A01300,O
A05831,O
A06247,O
A06231,O
A08017,O
A03653,O
A01156,O
A02828,O
A06134,O
A07996,O
A01173,O
A06559,O
A08008,O
A05181,O
A02801,O
A02997,O
A01679,O
A08473,O
A07961,O
A03330,O
A00108,O
A00260,O
A08266,O
A07328,O
A06156,O
A03724,O
A02117,O
A05300,O
A05481,O
A05900,O
A03996,O
A03089,O
A06658,O
A08071,O
A00917,O
A02912,O
A01354,O
A00317,O
A02152,O
A05749,O
A03708,O
A01494,O
A02999,O
A05825,O
A00530,O
A03519,O
A04869,O
A02003,O
A07627,O
A05132,O
A01131,O
A04013,O
A05668,O
A07549,O
A08452,O
A07587,O
A04605,O
A00679,O
A07156,O
A04308,O
A03250,O
A06368,O
A04014,O
A08142,O
A00286,O
A02157,O
A08148,O
A08185,O
A03794,O
A07643,O
A06222,O
A02976,O
A00158,O
A02830,O
A01027,O
A03332,O
A01842,O
A06413,O
A02804,O
A02751,O
A00684,O
A07895,O
A01183,O
A00243,O
A03293,O
A03300,O
A04175,O
A02639,O
A06727,O
A00195,O
A06479,O
A04150,O
A03335,O
A01873,O
A01191,O
A04661,O
A00754,O
A06629,O
A07605,O
A02212,O
A02060,O
A00886,O
A04840,O
A01241,O
A04820,O
A07195,O
A07150,O
A03021,O
A02370,O
A02650,O
A03064,O
A00724,O
A04174,O
A05902,O
A07485,O
A05037,O
A04031,O
A07815,O
A02634,O
A08458,O
A07966,O
A06346,O
A00043,O
A01563,O
A03705,O
A07338,O
A02056,O
A07159,O
A01298,O
A07790,O
A04521,O
A01955,O
A04357,O
A06688,O
A06325,O
A01505,O
A00123,O
A02725,O
A00916,O
A00851,O
A00659,O
A03406,O
A06515,O
A01928,O
A05442,O
A06767,O
A07133,O
A02560,O
A06967,O
A00176,O
A04435,O
A07363,O
A05720,O
A00466,O
A05012,O
A02286,O
A02228,O
A03368,O
A00769,O
A00399,O
A03880,O
A04360,O
A04215,O
A02885,O
A04002,O
A01798,O
A06212,O
A04796,O
A03597,O
A06238,O
A05282,O
A01049,O
A03309,O
A07737,O
A05509,O
A06642,O
A01295,O
A04693,O
A04443,O
A03621,O
A07066,O
A08059,O
A06742,O
A02705,O
A01188,O
A02630,O
A02911,O
A08303,O
A00887,O
A04915,O
A02719,O
A07202,O
A01178,O
A07857,O
A06190,O
A04001,O
A08219,O
A06323,O
A00308,O
A06269,O
A06071,O
A04318,O
A03087,O
A06977,O
A02418,O
A01475,O
A05016,O
A03870,O
A08163,O
A01790,O
A04643,O
A07618,O
A07247,O
A03447,O
A04592,O
A05683,O
A04836,O
A03820,O
A03898,O
A03789,O
A07597,O
A03976,O
A06901,O
A01606,O
A01608,O
A04361,O
A04168,O
A05306,O
A05679,O
A04889,O
A00389,O
A03692,O
A01876,O
A05234,O
A06516,O
A00482,O
A03142,O
A03422,O
A08134,O
A05674,O
A03245,O
A00944,O
A07890,O
A01466,O
A02084,O
A04254,O
A02505,O
A07358,O
A01251,O
A05531,O
A07049,O
A00251,O
A06440,O
A06338,O
A05356,O
A01352,O
A01515,O
A08081,O
A07387,O
A02490,O
A04722,O
A04428,O
A07245,O
A01649,O
A01785,O
A07814,O
A04951,O
A03723,O
A01997,O
A06030,O
A05997,O
A01636,O
A05956,O
A02004,O
A06963,O
A06195,O
A05308,O
A06123,O
A05280,O
